"ID","Description","GeneRatio","BgRatio","RichFactor","FoldEnrichment","zScore","pvalue","p.adjust","qvalue","geneID","Count"
"GO:0140375","immune receptor activity","75/1485","89/4420",0.842696629213483,2.50822835092498,10.2232548319107,2.8482238342465e-23,1.48677284147667e-20,1.48677284147667e-20,"LILRA5/FCGR3A/CSF2RA/IL18R1/C3AR1/CD247/TRAC/IL18RAP/IL2RG/FCGR1A/FPR2/CD3E/IL2RA/CXCR3/CXCR4/KLRD1/LILRA3/FCAR/LILRA4/FCGR2B/IL12RB1/KLRC1/LILRB4/FLT3/CD200R1/KLRF1/CD3G/FCGR3B/LAIR1/HLA-DOA/FCER1G/CXCR2/KLRK1/CR1/KIR3DL2/IFNGR1/IL21R/KLRC3/TRB/FPR1/CCR5/CXCR1/IL2RB/LAIR2/CD3D/IL5RA/CXCR6/NCR3/CCR1/CR2/CCR7/HLA-DQB1/IL22RA2/FCGR2A/CCR6/CCR4/CTSH/FCGR2C/KLRC2/CRLF2/CCR3/IL27RA/NCR1/CCR2/IL12B/HLA-DQB2/IL7R/HLA-DOB/IL23R/CCRL2/FPR3/HLA-DPA1/IFNAR2/IFNLR1/HLA-DQA1",75
"GO:0005126","cytokine receptor binding","71/1485","101/4420",0.702970297029703,2.09234256759009,7.89858175524824,2.806549677973e-14,6.33732935910554e-12,6.33732935910554e-12,"CXCL3/CCL7/CCL8/IL21/STAP1/CCL4/CKLF/IL1A/CCL5/CCL3/IL23A/CSF2/CCL3L1/CASP3/IFNG/CCL23/PF4/IL1RN/CCL24/CXCL1/TNFSF18/XCL2/IL10/IL12RB1/CCL22/PF4V1/IRAK4/ADAM8/LRG1/CCL3L3/CXCL13/IL36RN/CD300LF/CXCL10/CXCL9/IL12A/PPBP/CXCL2/IL7/IL1B/XCL1/OSM/TNF/CD40LG/IL11/TNFSF13B/TNFSF14/IFNE/STAT1/CCL13/CCL17/CCR2/LTB/IL12B/FASLG/JAK3/LTA/CCL2/IL23R/JAK2/S100A14/CCRL2/IL18/CCL25/CCL19/USP15/TNFSF10/CXCL11/CCL18/CXCL6/CCL11",71
"GO:0008009","chemokine activity","31/1485","32/4420",0.96875,2.88341750841751,7.60517930725318,3.64214330983077e-14,6.33732935910554e-12,6.33732935910554e-12,"CXCL3/CCL7/CCL8/CCL4/CKLF/CCL5/CCL3/CCL3L1/CCL23/PF4/CCL24/CXCL1/XCL2/CCL22/PF4V1/CCL3L3/CXCL13/CXCL10/CXCL9/PPBP/CXCL2/XCL1/CCL13/CCL17/CCL2/CCL25/CCL19/CXCL11/CCL18/CXCL6/CCL11",31
"GO:0042379","chemokine receptor binding","34/1485","37/4420",0.918918918918919,2.73509873509874,7.53807570404646,1.47811877481907e-13,1.28673346154654e-11,1.28673346154654e-11,"CXCL3/CCL7/CCL8/CCL4/CKLF/CCL5/CCL3/CCL3L1/CCL23/PF4/CCL24/CXCL1/XCL2/CCL22/PF4V1/CCL3L3/CXCL13/CXCL10/CXCL9/PPBP/CXCL2/XCL1/CCL13/CCL17/CCR2/CCL2/S100A14/CCRL2/CCL25/CCL19/CXCL11/CCL18/CXCL6/CCL11",34
"GO:0038023","signaling receptor activity","217/1485","436/4420",0.497706422018349,1.48138881166404,7.53010005488926,1.47900397878913e-13,1.28673346154654e-11,1.28673346154654e-11,"FCRL2/LILRA5/CD180/CLEC4E/LPAR3/CD27/FCGR3A/FFAR2/CSF2RA/OPN3/CD5/IL18R1/PTPRC/C3AR1/GPR85/CD247/CD226/GPR15/FCN1/CD8B/CD72/HCAR3/EPHA1/TMEM123/TRAC/SLAMF1/IL18RAP/IL2RG/SORL1/LY96/FCGR1A/CD69/IGSF6/GPR84/PTGFR/CD8A/FPR2/CLEC2D/CD3E/CD244/TREML2/IL2RA/PKHD1L1/CXCR3/P2RX1/KLRG1/CXCR4/TLR10/TREM1/CYSLTR1/CD2/KLRD1/LILRA3/ITGA2/GABRR2/FCAR/MSR1/FCRL3/TNFRSF17/ITGA8/PTPRO/SSTR3/CLEC1B/BTN1A1/LILRA4/GPR55/FCGR2B/IL12RB1/TLR6/KLRC1/TAS2R43/LILRB4/TNFRSF13C/FLT3/CD200R1/FOLR3/HAVCR2/GABRP/P2RY13/KLRF1/GPR34/OR5B21/GPR171/OR6A2/CLEC4A/KRT1/CNR2/CD3G/FCGR3B/LAIR1/HLA-DOA/FCER1G/CXCR2/FZD6/CLEC12A/KLRK1/LY75/ITGA4/CR1/ITGAL/LRRC15/CLEC4C/KIR3DL2/FCRL5/IFNGR1/IL21R/KLRC3/GPR52/CD300LF/TRB/RXFP1/GPR141/TRA/FPR1/CCR5/CXCR1/IL2RB/DCC/CD300E/TAS2R46/BTLA/ATP6AP2/DERL1/TLR2/LAIR2/P2RY8/TIGIT/OR2D2/MC4R/CD3D/GPR183/FZD3/EVI2A/IL5RA/CD86/GPR160/TRGC2/CXCR6/P2RY10/NCR3/TNFRSF9/CLEC6A/CCR1/FCAMR/CR2/TMIGD2/CCR7/HLA-DQB1/CD38/IL22RA2/GPR65/GAL/FCGR2A/GPR174/GRM7/SELE/CCR6/KLRB1/TAS2R19/SLAMF8/TSHR/CCR4/GPR18/CTSH/CD79A/FCGR2C/FCRL1/PTAFR/KLRC2/CRLF2/CCR3/GPR19/CLEC17A/IL27RA/NCR1/HTR3A/GZMK/TLR1/FCRLA/CD80/CLEC7A/LPAR6/AIM2/CLEC4D/CCR2/VSTM1/HRH2/F2RL1/CD79B/F2R/CLECL1/IL12B/LBP/FCRL4/HLA-DQB2/OR2AK2/TLR7/IL7R/OR51E1/HLA-DOB/TRAM1/TNFRSF13B/IL23R/TLR8/CCRL2/PLXNC1/CD300A/FPR3/HLA-DPA1/IFNAR2/TNFRSF10C/FAS/IFNLR1/CD28/P2RY12/HLA-DQA1/ICOS",217
"GO:0060089","molecular transducer activity","217/1485","436/4420",0.497706422018349,1.48138881166404,7.53010005488926,1.47900397878913e-13,1.28673346154654e-11,1.28673346154654e-11,"FCRL2/LILRA5/CD180/CLEC4E/LPAR3/CD27/FCGR3A/FFAR2/CSF2RA/OPN3/CD5/IL18R1/PTPRC/C3AR1/GPR85/CD247/CD226/GPR15/FCN1/CD8B/CD72/HCAR3/EPHA1/TMEM123/TRAC/SLAMF1/IL18RAP/IL2RG/SORL1/LY96/FCGR1A/CD69/IGSF6/GPR84/PTGFR/CD8A/FPR2/CLEC2D/CD3E/CD244/TREML2/IL2RA/PKHD1L1/CXCR3/P2RX1/KLRG1/CXCR4/TLR10/TREM1/CYSLTR1/CD2/KLRD1/LILRA3/ITGA2/GABRR2/FCAR/MSR1/FCRL3/TNFRSF17/ITGA8/PTPRO/SSTR3/CLEC1B/BTN1A1/LILRA4/GPR55/FCGR2B/IL12RB1/TLR6/KLRC1/TAS2R43/LILRB4/TNFRSF13C/FLT3/CD200R1/FOLR3/HAVCR2/GABRP/P2RY13/KLRF1/GPR34/OR5B21/GPR171/OR6A2/CLEC4A/KRT1/CNR2/CD3G/FCGR3B/LAIR1/HLA-DOA/FCER1G/CXCR2/FZD6/CLEC12A/KLRK1/LY75/ITGA4/CR1/ITGAL/LRRC15/CLEC4C/KIR3DL2/FCRL5/IFNGR1/IL21R/KLRC3/GPR52/CD300LF/TRB/RXFP1/GPR141/TRA/FPR1/CCR5/CXCR1/IL2RB/DCC/CD300E/TAS2R46/BTLA/ATP6AP2/DERL1/TLR2/LAIR2/P2RY8/TIGIT/OR2D2/MC4R/CD3D/GPR183/FZD3/EVI2A/IL5RA/CD86/GPR160/TRGC2/CXCR6/P2RY10/NCR3/TNFRSF9/CLEC6A/CCR1/FCAMR/CR2/TMIGD2/CCR7/HLA-DQB1/CD38/IL22RA2/GPR65/GAL/FCGR2A/GPR174/GRM7/SELE/CCR6/KLRB1/TAS2R19/SLAMF8/TSHR/CCR4/GPR18/CTSH/CD79A/FCGR2C/FCRL1/PTAFR/KLRC2/CRLF2/CCR3/GPR19/CLEC17A/IL27RA/NCR1/HTR3A/GZMK/TLR1/FCRLA/CD80/CLEC7A/LPAR6/AIM2/CLEC4D/CCR2/VSTM1/HRH2/F2RL1/CD79B/F2R/CLECL1/IL12B/LBP/FCRL4/HLA-DQB2/OR2AK2/TLR7/IL7R/OR51E1/HLA-DOB/TRAM1/TNFRSF13B/IL23R/TLR8/CCRL2/PLXNC1/CD300A/FPR3/HLA-DPA1/IFNAR2/TNFRSF10C/FAS/IFNLR1/CD28/P2RY12/HLA-DQA1/ICOS",217
"GO:0004888","transmembrane signaling receptor activity","168/1485","334/4420",0.502994011976048,1.4971269582048,6.7206695463772,4.24152174212118e-11,3.16296335626751e-09,3.16296335626751e-09,"FCRL2/LILRA5/LPAR3/CD27/FCGR3A/FFAR2/CSF2RA/OPN3/IL18R1/PTPRC/C3AR1/GPR85/CD247/GPR15/CD72/HCAR3/EPHA1/TRAC/SLAMF1/IL18RAP/IL2RG/SORL1/FCGR1A/CD69/IGSF6/GPR84/PTGFR/FPR2/CLEC2D/CD3E/IL2RA/CXCR3/P2RX1/CXCR4/TLR10/TREM1/CYSLTR1/KLRD1/LILRA3/ITGA2/GABRR2/FCAR/FCRL3/PTPRO/SSTR3/CLEC1B/LILRA4/GPR55/FCGR2B/IL12RB1/TLR6/KLRC1/TAS2R43/LILRB4/FLT3/CD200R1/HAVCR2/GABRP/P2RY13/KLRF1/GPR34/OR5B21/GPR171/OR6A2/CLEC4A/CNR2/CD3G/FCGR3B/LAIR1/HLA-DOA/FCER1G/CXCR2/FZD6/CLEC12A/KLRK1/LY75/CR1/ITGAL/KIR3DL2/FCRL5/IFNGR1/IL21R/KLRC3/GPR52/CD300LF/TRB/RXFP1/GPR141/FPR1/CCR5/CXCR1/IL2RB/DCC/CD300E/TAS2R46/TLR2/LAIR2/P2RY8/OR2D2/MC4R/CD3D/GPR183/FZD3/EVI2A/IL5RA/GPR160/TRGC2/CXCR6/P2RY10/CCR1/FCAMR/CR2/CCR7/HLA-DQB1/IL22RA2/GPR65/GAL/FCGR2A/GPR174/GRM7/SELE/CCR6/KLRB1/TAS2R19/TSHR/CCR4/GPR18/CTSH/CD79A/FCGR2C/FCRL1/PTAFR/KLRC2/CRLF2/CCR3/GPR19/IL27RA/NCR1/HTR3A/TLR1/FCRLA/LPAR6/CCR2/VSTM1/HRH2/F2RL1/CD79B/F2R/IL12B/FCRL4/HLA-DQB2/OR2AK2/IL7R/OR51E1/HLA-DOB/IL23R/CCRL2/PLXNC1/CD300A/FPR3/HLA-DPA1/IFNAR2/TNFRSF10C/FAS/IFNLR1/CD28/P2RY12/HLA-DQA1",168
"GO:0005125","cytokine activity","65/1485","101/4420",0.643564356435644,1.91552488582192,6.62003695011391,1.65041125360604e-10,1.07689334297794e-08,1.07689334297794e-08,"CXCL3/CCL7/CCL8/IL21/CCL4/CKLF/IL1A/CCL5/CCL3/IL23A/CSF2/CCL3L1/SPP1/IL26/IFNG/CCL23/PF4/IL1RN/SCG2/CCL24/CXCL1/TNFSF18/XCL2/CMTM2/IL10/CCL22/PF4V1/CCL3L3/CXCL13/IL36RN/NAMPT/CXCL10/CXCL9/IL12A/PPBP/CXCL2/IL7/IL1B/XCL1/OSM/TNF/CD40LG/IL11/TNFSF13B/TNFSF14/GDF3/IFNE/WNT16/CCL13/CCL17/VSTM1/LTB/IL12B/WNT10A/FASLG/LTA/CCL2/IL18/CCL25/CCL19/TNFSF10/CXCL11/CCL18/CXCL6/CCL11",65
"GO:0023023","MHC protein complex binding","18/1485","18/4420",1,2.97643097643098,5.97604776726983,2.77719366187681e-09,1.61077232388855e-07,1.61077232388855e-07,"MS4A1/HLA-DMA/CD8A/KLRD1/HLA-DRA/KLRC1/HLA-DOA/B2M/HLA-DRB4/HLA-DQB1/HLA-DRB1/KLRC2/HLA-DMB/HLA-DQB2/HLA-DOB/HLA-DPB1/HLA-DPA1/HLA-DQA1",18
"GO:0003823","antigen binding","29/1485","36/4420",0.805555555555556,2.39768050879162,5.98887241705886,8.54031158135509e-09,4.45804264546736e-07,4.45804264546736e-07,"IGHG1/FCN1/SLAMF1/HLA-DMA/IGLL5/KLRD1/HLA-DRA/TRAV12-1/HLA-DOA/ITGA4/CD1B/IGHD/LCK/B2M/SLC7A5/HLA-DRB4/IGHE/HLA-DQB1/HLA-DRB1/CD1A/KLRC2/TAP1/HLA-DMB/HLA-DQB2/IL7R/HLA-DOB/HLA-DPB1/HLA-DPA1/HLA-DQA1",29
"GO:0048020","CCR chemokine receptor binding","21/1485","24/4420",0.875,2.6043771043771,5.60537160830533,6.60693573439435e-08,3.13529132123077e-06,3.13529132123077e-06,"CCL7/CCL8/CCL4/CCL5/CCL3/CCL3L1/CCL23/CCL24/XCL2/CCL22/CCL3L3/CXCL13/XCL1/CCL13/CCR2/CCL2/CCRL2/CCL25/CCL19/CCL18/CCL11",21
"GO:0030246","carbohydrate binding","57/1485","96/4420",0.59375,1.76725589225589,5.40572789448092,1.52272991531775e-07,6.6238751316322e-06,6.6238751316322e-06,"CLEC4E/SELL/ENPP2/FCN1/CD72/LGALS2/CD69/CHI3L1/GALNT1/CLEC2D/LGALS7B/KLRG1/MGAM/KLRD1/ACAN/CLEC1B/HLA-DRA/SIGLEC12/CLEC5A/KLRC1/KLRF1/GPCPD1/CLEC4A/KRT1/PLOD2/CLEC12A/KLRK1/LY75/LGALS9C/CLEC4C/KLRC3/SIGLEC10/SLC2A3/CLEC3A/CLEC12B/CLEC9A/CLEC6A/GALNT3/HLA-DRB1/ITLN1/SELE/KLRB1/KLRC2/CHI3L2/CLEC2B/CLEC17A/CD22/CLEC7A/HEXB/CLEC4D/LAYN/CLECL1/P4HA1/OLR1/CLC/LMAN1/FBP1",57
"GO:0038187","pattern recognition receptor activity","20/1485","23/4420",0.869565217391304,2.58820084907041,5.43140620220381,1.74091632204721e-07,6.99044861622032e-06,6.99044861622032e-06,"CD180/CLEC4E/FCN1/LY96/MSR1/TLR6/CLEC4A/CLEC12A/CLEC4C/TLR2/CLEC6A/PTAFR/CLEC17A/GZMK/TLR1/CLEC7A/AIM2/CLEC4D/TLR7/TLR8",20
"GO:0023026","MHC class II protein complex binding","14/1485","14/4420",1,2.97643097643098,5.26798583080335,2.24137595143068e-07,8.35713033319154e-06,8.35713033319154e-06,"MS4A1/HLA-DMA/HLA-DRA/HLA-DOA/B2M/HLA-DRB4/HLA-DQB1/HLA-DRB1/HLA-DMB/HLA-DQB2/HLA-DOB/HLA-DPB1/HLA-DPA1/HLA-DQA1",14
"GO:0030280","structural constituent of skin epidermis","18/1485","20/4420",0.9,2.67878787878788,5.35187127704935,2.47197995225783e-07,8.60249023385725e-06,8.60249023385725e-06,"KRT77/FLG/KRT15/KRT73/KRT17/KRT1/KRT72/KRT5/KRT75/KRT23/PI3/KRT80/KRT14/KRT6A/KRT2/KRT10/PNPLA1/KRT78",18
"GO:0004896","cytokine receptor activity","32/1485","45/4420",0.711111111111111,2.11657313879536,5.35458206391876,2.66436979870918e-07,8.6925064682887e-06,8.6925064682887e-06,"CSF2RA/IL18R1/IL18RAP/IL2RG/IL2RA/CXCR3/CXCR4/IL12RB1/FLT3/CXCR2/IFNGR1/IL21R/CCR5/CXCR1/IL2RB/IL5RA/CXCR6/CCR1/CCR7/IL22RA2/CCR6/CCR4/CRLF2/CCR3/IL27RA/CCR2/IL12B/IL7R/IL23R/CCRL2/IFNAR2/IFNLR1",32
"GO:0030546","signaling receptor activator activity","96/1485","188/4420",0.51063829787234,1.51987964753922,5.18119676584412,3.40835053387527e-07,1.04656410510758e-05,1.04656410510758e-05,"CXCL3/INSL3/CCL7/PNOC/CCL8/IL21/CCL4/CKLF/IL1A/CCL5/CD72/CCL3/IL23A/CSF2/CCL3L1/ADCYAP1/RETN/SPP1/HAMP/CLEC2D/IL26/IFNG/CCL23/PF4/IL1RN/SCG2/UTS2/ICAM3/ADM2/CCL24/CXCL1/TNFSF18/XCL2/CMTM2/IL10/CCL22/PF4V1/PMCH/CD274/CCL3L3/CXCL13/IL36RN/NAMPT/PDCD1LG2/CXCL10/CXCL9/GMFG/IL12A/MIA/PPBP/CXCL2/IL7/TGFA/CD86/IL1B/XCL1/FBN2/OSM/TNF/LYN/CD40LG/GAL/IL11/TNFSF13B/TNFSF14/GDF3/MANF/STC1/IFNE/CD48/WNT16/CLEC2B/CCL13/CCL17/RELN/ULBP1/CD80/VSTM1/EREG/LTB/IL12B/WNT10A/FASLG/LTA/CCL2/JAK2/ULBP2/IL18/CCL25/CCL19/TNFSF10/CXCL11/CCL18/ICAM4/CXCL6/CCL11",96
"GO:0048018","receptor ligand activity","94/1485","184/4420",0.510869565217391,1.52056799882887,5.13014425873525,4.41848050639066e-07,1.28135934685329e-05,1.28135934685329e-05,"CXCL3/INSL3/CCL7/PNOC/CCL8/IL21/CCL4/CKLF/IL1A/CCL5/CD72/CCL3/IL23A/CSF2/CCL3L1/ADCYAP1/RETN/SPP1/HAMP/CLEC2D/IL26/IFNG/CCL23/PF4/IL1RN/SCG2/UTS2/ICAM3/ADM2/CCL24/CXCL1/TNFSF18/XCL2/CMTM2/IL10/CCL22/PF4V1/PMCH/CD274/CCL3L3/CXCL13/IL36RN/NAMPT/PDCD1LG2/CXCL10/CXCL9/GMFG/IL12A/MIA/PPBP/CXCL2/IL7/TGFA/CD86/IL1B/XCL1/FBN2/OSM/TNF/CD40LG/GAL/IL11/TNFSF13B/TNFSF14/GDF3/MANF/STC1/IFNE/CD48/WNT16/CLEC2B/CCL13/CCL17/RELN/ULBP1/CD80/VSTM1/EREG/LTB/IL12B/WNT10A/FASLG/LTA/CCL2/ULBP2/IL18/CCL25/CCL19/TNFSF10/CXCL11/CCL18/ICAM4/CXCL6/CCL11",94
"GO:0019956","chemokine binding","15/1485","16/4420",0.9375,2.79040404040404,5.1028001574057,8.22718842838788e-07,2.26031176822025e-05,2.26031176822025e-05,"CXCR3/CXCR4/CXCR2/ITGA4/CCR5/CXCR1/CXCR6/CCR1/CCR7/CCR6/CCR4/CCR3/CCR2/CCRL2/PDPN",15
"GO:0042605","peptide antigen binding","16/1485","18/4420",0.888888888888889,2.6457164234942,4.97608066027257,1.79947251164719e-06,4.69662325539917e-05,4.69662325539917e-05,"HLA-DMA/HLA-DRA/TRAV12-1/HLA-DOA/B2M/SLC7A5/HLA-DRB4/HLA-DQB1/HLA-DRB1/TAP1/HLA-DMB/HLA-DQB2/HLA-DOB/HLA-DPB1/HLA-DPA1/HLA-DQA1",16
"GO:0032395","MHC class II receptor activity","12/1485","12/4420",1,2.97643097643098,4.8761005974849,2.00811595815004e-06,4.84596114575285e-05,4.84596114575285e-05,"CD247/TRAC/CD3E/CD3G/HLA-DOA/TRB/CD3D/HLA-DQB1/HLA-DQB2/HLA-DOB/HLA-DPA1/HLA-DQA1",12
"GO:0005102","signaling receptor binding","192/1485","439/4420",0.437357630979499,1.30176480062585,4.73833679111656,2.042359103574e-06,4.84596114575285e-05,4.84596114575285e-05,"CXCL3/INSL3/CCL7/MS4A1/ADAM28/CTHRC1/PNOC/CCL8/IGHG1/IL21/STAP1/CCL4/CHUK/PTPRC/CKLF/AKAP5/CD226/IL1A/CCL5/FCN1/PCNA/CD8B/CD72/CCL3/IL23A/CSF2/LY96/CCL3L1/PTPN2/CASP3/ADCYAP1/SPP1/HAMP/CYTL1/CD8A/FPR2/CLEC2D/CD3E/CD244/ITGB7/TLR10/WIPI1/CD2/IFNG/KLRD1/CCL23/PF4/ITGA2/IL1RN/SSTR3/HLA-DRA/UTS2/ICAM3/BTN1A1/PIK3CG/CCL24/BTNL8/CXCL1/CRTAM/TNFSF18/XCL2/LILRA4/IL10/IL12RB1/TLR6/TRAT1/CCL22/PF4V1/CD3G/PMCH/NETO2/RIPK2/IRAK4/KLRK1/TYROBP/ITGA4/ADAM8/LRG1/CCL3L3/SYNDIG1/KIR3DL2/CXCL13/CXADR/IGHD/NSG1/IL36RN/S100A9/CD300LF/FPR1/CXCL10/PROK2/CXCL9/IL12A/FAP/RTP4/LCK/DERL1/TLR2/RASGRF1/TIGIT/BEX5/PPBP/GLA/S100A12/CXCL2/DOCK2/SCYL2/IL7/TGFA/PIK3AP1/IL1B/XCL1/CR2/HBA2/OSM/LCP1/TNF/HBA1/VWDE/LYN/IGHE/CD40LG/HLA-DRB1/GAL/IL11/S100A8/TNFSF13B/TNFSF14/IFNE/CD58/ABCA12/CHN1/STAT1/SAA1/IGFL2/WNT16/CLEC2B/PTPRJ/CHAC1/CCL13/CCL17/SYTL1/RELN/ULBP1/DNAJB11/CREG1/TESPA1/BLNK/TLR1/CD22/CLEC7A/JAKMIP1/TAP1/CLEC4D/CCR2/SLA/EREG/F2RL1/NCK1/LTB/F2R/IL12B/LBP/WNT10A/FASLG/JAK3/ALCAM/LTA/CCL2/CCNB1/IL23R/JAK2/S100A14/ULBP2/CCRL2/PDPN/HCST/PLXNC1/IL18/CCL25/CCL19/BLK/USP15/TNFSF10/CXCL11/CCL18/SERPINE2/ICAM4/CXCL6/BTN2A2/CCL11/NMU",192
"GO:0030545","signaling receptor regulator activity","101/1485","208/4420",0.485576923076923,1.4452861952862,4.67894448552917,3.48391916998607e-06,7.90698176840316e-05,7.90698176840316e-05,"CXCL3/INSL3/CCL7/PNOC/CCL8/IL21/CCL4/CKLF/IL1A/CCL5/CD72/CCL3/IL23A/CSF2/CCL3L1/ADCYAP1/RETN/SPP1/HAMP/CLEC2D/IL26/IFNG/CCL23/PF4/IL1RN/SCG2/UTS2/ICAM3/ADM2/CCL24/CXCL1/TNFSF18/XCL2/CMTM2/IL10/LYPD6B/LILRB4/CCL22/PF4V1/PMCH/CLEC12A/CD274/CCL3L3/CXCL13/IL36RN/NAMPT/PDCD1LG2/CXCL10/CXCL9/GMFG/IL12A/MIA/CLEC12B/PPBP/CXCL2/IL7/TGFA/CD86/IL1B/XCL1/FBN2/OSM/TNF/LYN/CD40LG/GAL/IL11/TNFSF13B/DKK2/TNFSF14/GDF3/MANF/STC1/IFNE/CD48/WNT16/CLEC2B/CCL13/CCL17/RELN/ULBP1/CD80/VSTM1/EREG/LTB/IL12B/WNT10A/FASLG/LTA/CCL2/JAK2/ULBP2/IL18/CCL25/CCL19/TNFSF10/CXCL11/CCL18/ICAM4/CXCL6/CCL11",101
"GO:0019957","C-C chemokine binding","13/1485","14/4420",0.928571428571429,2.76382876382876,4.70131517195325,6.48080456826039e-06,0.000140957499359664,0.000140957499359664,"CXCR3/CXCR4/CXCR2/CCR5/CXCR1/CXCR6/CCR1/CCR7/CCR6/CCR4/CCR3/CCR2/CCRL2",13
"GO:0019955","cytokine binding","35/1485","56/4420",0.625,1.86026936026936,4.60794484898085,8.03957481966988e-06,0.000167866322234707,0.000167866322234707,"CSF2RA/IL18R1/IL2RG/NLRP7/IL2RA/CXCR3/CXCR4/IL1RN/IL12RB1/CXCR2/GBP1/ITGA4/IFNGR1/IL36RN/CCR5/CXCR1/IL2RB/IL12A/IL5RA/CXCR6/CCR1/CCR7/IL22RA2/CCR6/CCR4/CRLF2/CCR3/CCR2/IL12B/MMP8/IL23R/CCRL2/PDPN/IFNAR2/CASP1",35
"GO:0008233","peptidase activity","79/1485","159/4420",0.49685534591195,1.47885564237766,4.37389727457218,1.44843344569007e-05,0.000290800868711622,0.000290800868711622,"MMP3/MMP13/ADAMTS18/ADAMTS4/ADAM28/FAM111B/GZMA/CPA5/DPEP1/CASP4/GZMB/HP/MMP12/GZMH/MMP9/TGM2/CASP3/LACTB/PRSS21/STAMBPL1/GGT6/TRABD2A/CTSE/CTSS/PSMA6/CPXM1/KLK1/LAP3/KLK7/CTSK/MMP1/CFB/AGTPBP1/ADAMDEC1/ADAM8/PLBD1/CTSW/ADGB/PHEX/FAP/CTSZ/GGH/KLK11/CTSB/ERAP2/TMPRSS3/UCHL3/PCSK1/PSMB9/YOD1/MMP7/NRIP3/MMP25/PSMB8/PRSS16/CMA1/CARD16/CTSH/CTSC/GZMM/ADAM19/CPA3/RELN/GZMK/CPVL/PIGK/ADAMTS6/TANK/MMP8/SEC11C/CASP5/PRSS3/AGA/ATG4A/ADAM12/USP15/LTA4H/CASP1/USPL1",79
"GO:0015026","coreceptor activity","21/1485","29/4420",0.724137931034483,2.15534656913967,4.439670449443,2.09238001962629e-05,0.000404526803794415,0.000404526803794415,"GPR15/CD8B/IL18RAP/IL2RG/LY96/CD8A/CXCR4/LILRA4/IL12RB1/ITGA4/FCRL5/CCR5/IL2RB/CD86/CXCR6/TMIGD2/FCRL1/CRLF2/CD80/LBP/CD28",21
"GO:0016493","C-C chemokine receptor activity","13/1485","15/4420",0.866666666666667,2.57957351290685,4.35846628282141,3.3562260729023e-05,0.0006256964321625,0.0006256964321625,"CXCR3/CXCR4/CXCR2/CCR5/CXCR1/CXCR6/CCR1/CCR7/CCR6/CCR4/CCR3/CCR2/CCRL2",13
"GO:0017171","serine hydrolase activity","35/1485","61/4420",0.573770491803279,1.70778826516531,3.9590958460926,0.000106173205095759,0.00191111769172367,0.00191111769172367,"MMP3/MMP13/FAM111B/GZMA/GZMB/HP/MMP12/GZMH/MMP9/PRSS21/CTSS/KLK1/KLK7/CTSK/MMP1/CFB/ADAM8/FAP/KLK11/TMPRSS3/PCSK1/MMP7/PRSS16/CMA1/CTSH/CTSC/GZMM/RELN/AADAC/GZMK/CPVL/NCEH1/MMP8/SEC11C/PRSS3",35
"GO:0004175","endopeptidase activity","57/1485","114/4420",0.5,1.48821548821549,3.75619509005235,0.00018201165495936,0.00316700279629287,0.00316700279629287,"MMP3/MMP13/ADAMTS18/ADAMTS4/ADAM28/GZMA/CASP4/GZMB/HP/MMP12/GZMH/MMP9/CASP3/PRSS21/TRABD2A/CTSE/CTSS/PSMA6/KLK1/KLK7/CTSK/MMP1/CFB/ADAMDEC1/ADAM8/CTSW/ADGB/PHEX/FAP/CTSZ/KLK11/CTSB/ERAP2/TMPRSS3/PCSK1/PSMB9/MMP7/NRIP3/MMP25/PSMB8/CMA1/CARD16/CTSH/CTSC/GZMM/ADAM19/GZMK/PIGK/ADAMTS6/MMP8/SEC11C/CASP5/PRSS3/ATG4A/ADAM12/USP15/CASP1",57
"GO:0008236","serine-type peptidase activity","33/1485","58/4420",0.568965517241379,1.69348659003831,3.78120661075009,0.000207662165130299,0.00349676290961342,0.00349676290961342,"MMP3/MMP13/FAM111B/GZMA/GZMB/HP/MMP12/GZMH/MMP9/PRSS21/CTSS/KLK1/KLK7/CTSK/MMP1/CFB/ADAM8/FAP/KLK11/TMPRSS3/PCSK1/MMP7/PRSS16/CMA1/CTSH/CTSC/GZMM/RELN/GZMK/CPVL/MMP8/SEC11C/PRSS3",33
"GO:0019865","immunoglobulin binding","11/1485","13/4420",0.846153846153846,2.51851851851852,3.89979176867382,0.000225645918006415,0.00368084903747964,0.00368084903747964,"MS4A1/FCGR3A/FCGR1A/FCAR/FCGR2B/FCGR3B/FCER1G/C1QB/FCGR2A/FCGR2C/CD22",11
"GO:0001664","G protein-coupled receptor binding","51/1485","101/4420",0.504950495049505,1.5029502950295,3.6367657381338,0.000289590297743062,0.00458079198248116,0.00458079198248116,"CXCL3/CCL7/CTHRC1/PNOC/CCL8/CCL4/CKLF/AKAP5/CCL5/FCN1/CCL3/CCL3L1/ADCYAP1/CCL23/PF4/CCL24/CXCL1/XCL2/CCL22/PF4V1/PMCH/CCL3L3/CXCL13/FPR1/CXCL10/PROK2/CXCL9/RTP4/PPBP/CXCL2/XCL1/HBA2/HBA1/GAL/SAA1/WNT16/CCL13/CCL17/CCR2/WNT10A/CCL2/JAK2/S100A14/CCRL2/CCL25/CCL19/CXCL11/CCL18/CXCL6/CCL11/NMU",51
"GO:0001637","G protein-coupled chemoattractant receptor activity","13/1485","17/4420",0.764705882352941,2.27609427609428,3.74933333739172,0.000363817008748223,0.00515223537160483,0.00515223537160483,"CXCR3/CXCR4/CXCR2/CCR5/CXCR1/CXCR6/CCR1/CCR7/CCR6/CCR4/CCR3/CCR2/CCRL2",13
"GO:0004950","chemokine receptor activity","13/1485","17/4420",0.764705882352941,2.27609427609428,3.74933333739172,0.000363817008748223,0.00515223537160483,0.00515223537160483,"CXCR3/CXCR4/CXCR2/CCR5/CXCR1/CXCR6/CCR1/CCR7/CCR6/CCR4/CCR3/CCR2/CCRL2",13
"GO:0004869","cysteine-type endopeptidase inhibitor activity","9/1485","10/4420",0.9,2.67878787878788,3.78005139695087,0.000375066942760505,0.00515223537160483,0.00515223537160483,"BIRC6/BIRC5/CSTA/PTTG1/CST1/CST6/SNCA/CARD16/CST7",9
"GO:0005344","oxygen carrier activity","9/1485","10/4420",0.9,2.67878787878788,3.78005139695087,0.000375066942760505,0.00515223537160483,0.00515223537160483,"HBG1/IPCEF1/HBD/HBM/HBQ1/HBA2/HBG2/HBA1/HBB",9
"GO:0042287","MHC protein binding","9/1485","10/4420",0.9,2.67878787878788,3.78005139695087,0.000375066942760505,0.00515223537160483,0.00515223537160483,"CD8B/CD8A/CD244/KLRD1/KLRK1/KIR3DL2/DERL1/CLEC7A/TAP1",9
"GO:0004540","RNA nuclease activity","14/1485","19/4420",0.736842105263158,2.19315966684388,3.7069852262921,0.000406415747692366,0.00543971846911321,0.0054397184691132,"SAMHD1/ERI1/RPP40/SLFN14/SLFN12L/ISG20/RNASE3/ZC3H12D/RNASE6/RNASE2/SLFN13/XRN1/EXO1/LACTB2",14
"GO:0061134","peptidase regulator activity","33/1485","60/4420",0.55,1.63703703703704,3.53360693118822,0.000486816832850524,0.00635295966869933,0.00635295966869933,"SPINT2/NLRC4/SPINK2/PSME2/SERPINB7/SORL1/NLRP7/BIRC6/SERPINA12/BIRC5/CSTA/PTTG1/RARRES1/CST1/SERPINA1/SERPINB5/TIFAB/LXN/PI3/CST6/SNCA/CARD16/CTSH/CTSC/HMSD/PI15/CST7/AIM2/TANK/SERPINI2/SPINK5/SERPINE2/CASP1",33
"GO:0061135","endopeptidase regulator activity","27/1485","47/4420",0.574468085106383,1.70986460348162,3.47981284005734,0.000632329402415605,0.00805063287953527,0.00805063287953526,"SPINT2/NLRC4/SPINK2/PSME2/SERPINB7/SORL1/NLRP7/BIRC6/SERPINA12/BIRC5/CSTA/PTTG1/RARRES1/CST1/SERPINA1/SERPINB5/LXN/PI3/CST6/SNCA/CARD16/HMSD/CST7/AIM2/SERPINI2/SPINK5/SERPINE2",27
"GO:0030414","peptidase inhibitor activity","25/1485","43/4420",0.581395348837209,1.73048312583196,3.42355506466635,0.000784149275511208,0.00974585528135359,0.00974585528135359,"SPINT2/SPINK2/SERPINB7/SORL1/NLRP7/BIRC6/SERPINA12/BIRC5/CSTA/PTTG1/RARRES1/CST1/SERPINA1/SERPINB5/LXN/PI3/CST6/SNCA/CARD16/HMSD/PI15/CST7/SERPINI2/SPINK5/SERPINE2",25
"GO:0004866","endopeptidase inhibitor activity","24/1485","41/4420",0.585365853658537,1.74230105937423,3.39629738663474,0.000870722189484045,0.0105701623932714,0.0105701623932714,"SPINT2/SPINK2/SERPINB7/SORL1/NLRP7/BIRC6/SERPINA12/BIRC5/CSTA/PTTG1/RARRES1/CST1/SERPINA1/SERPINB5/LXN/PI3/CST6/SNCA/CARD16/HMSD/CST7/SERPINI2/SPINK5/SERPINE2",24
"GO:0004252","serine-type endopeptidase activity","29/1485","53/4420",0.547169811320755,1.62861317578299,3.27454522800703,0.00118139531333191,0.014015644399074,0.014015644399074,"MMP3/MMP13/GZMA/GZMB/HP/MMP12/GZMH/MMP9/PRSS21/CTSS/KLK1/KLK7/CTSK/MMP1/CFB/ADAM8/FAP/KLK11/TMPRSS3/PCSK1/MMP7/CMA1/CTSH/CTSC/GZMM/GZMK/MMP8/SEC11C/PRSS3",29
"GO:0140677","molecular function activator activity","153/1485","375/4420",0.408,1.21438383838384,3.08652350113448,0.00137958259801407,0.0160031581369632,0.0160031581369632,"TBC1D10C/CXCL3/INSL3/RASGRP3/ECT2/CCL7/PNOC/CCL8/TCL1A/NLRC4/IL21/STAP1/RGS18/CCL4/CKLF/IL1A/CCL5/PCNA/PSME2/CD72/TOPBP1/CCL3/RGS8/IL23A/CSF2/TGM2/CCL3L1/CASP3/ADCYAP1/RETN/SPP1/HAMP/CLEC2D/IL26/DEPDC1B/IFNG/CCL23/IQGAP2/PF4/RGS2/IL1RN/SCG2/ATP1B3/UTS2/ICAM3/ADM2/CCL24/CXCL1/TNFSF18/XCL2/CMTM2/IL10/CCL22/PF4V1/ARAP2/PMCH/PTTG1/XRCC4/AURKA/PARP8/CD274/CCL3L3/CXCL13/DBF4/IL36RN/SEC23B/NAMPT/MAP3K9/PDCD1LG2/TAGAP/CXCL10/ACAP1/CXCL9/TIFAB/GMFG/IL12A/LCK/MIA/CKS2/PPBP/CDC20/CXCL2/DOCK2/DEPDC1/IL7/TGFA/CD86/IL1B/ARHGAP18/XCL1/FBN2/OSM/TNF/LYN/CD40LG/GAL/RGS1/TPX2/IL11/TNFSF13B/SNCA/TNFSF14/GDF3/MANF/STC1/IFNE/CTSH/CD48/CTSC/ARHGDIB/CHN1/CHML/WNT16/CLEC2B/CCL13/CCL17/RELN/ULBP1/ELMOD2/CD80/ODC1/AIM2/VSTM1/EREG/HIF1A/LTB/PLEK/IL12B/TANK/WNT10A/FASLG/ARHGAP25/ARHGAP11B/LTA/RGS13/CCL2/CCNB1/BTK/JAK2/ULBP2/IL18/NCKAP1L/CCL25/CCL19/ARHGAP15/C9orf72/TNFSF10/CXCL11/CCL18/ICAM4/CXCL6/CCL11/CASP1",153
"GO:0046906","tetrapyrrole binding","27/1485","49/4420",0.551020408163265,1.64007421150278,3.20449162933314,0.00150640911259569,0.0170944686255424,0.0170944686255424,"TCN1/CYP7B1/IDO2/CYP4F22/HBG1/CYP24A1/HBD/HBM/CYBB/NOS2/HBQ1/ADGB/STEAP1/FA2H/BACH1/IDO1/PTGS2/HBA2/HBG2/HBA1/TDO2/HBB/CYP1A1/FLVCR2/CYB5R4/JAK2/CYP4F3",27
"GO:0001530","lipopolysaccharide binding","10/1485","13/4420",0.769230769230769,2.28956228956229,3.31179655743254,0.00173922113808538,0.0193164560442675,0.0193164560442675,"PSMA1/CASP4/LY96/GBP1/CAMP/CD6/TLR2/RNASE3/PTAFR/LBP",10
"GO:0019825","oxygen binding","12/1485","17/4420",0.705882352941177,2.1010101010101,3.23491293226146,0.00198815649859677,0.0216212019222398,0.0216212019222398,"HBG1/SOD2/HBD/HBM/HBQ1/ADGB/HBA2/HBG2/HBA1/TDO2/HBB/CYP1A1",12
"GO:0020037","heme binding","26/1485","48/4420",0.541666666666667,1.61223344556678,3.0333237656267,0.00254048395634038,0.0270639311267282,0.0270639311267282,"CYP7B1/IDO2/CYP4F22/HBG1/CYP24A1/HBD/HBM/CYBB/NOS2/HBQ1/ADGB/STEAP1/FA2H/BACH1/IDO1/PTGS2/HBA2/HBG2/HBA1/TDO2/HBB/CYP1A1/FLVCR2/CYB5R4/JAK2/CYP4F3",26
"GO:0017111","ribonucleoside triphosphate phosphatase activity","75/1485","171/4420",0.43859649122807,1.30545218264517,2.89747099551475,0.00281351025729735,0.0293730470861843,0.0293730470861843,"ATP10B/KIF20A/ATP6V1A/RAB19/HELB/KIF23/RAB39B/RGS18/ATP2B1/ASCC3/RGS8/KIF15/GBP3/ARL4C/GCH1/HELLS/CCT2/HSPA13/RGS2/NLRP10/RAB39A/RAB33A/ARL4A/GNG10/ABCE1/TRIP13/ABCC4/KIF14/ENTPD7/RAB25/GBP1/RECQL/BLM/GIMAP4/KIF2C/GBP5/KIF20B/SRP54/RAB27A/RAB32/KIF18A/SMCHD1/RHOH/RGS1/ATP8A2/ATAD5/POLQ/RAB3B/NRAS/RAB27B/ATP13A3/ABCA12/BRIP1/ARHGDIB/TUBB1/SMPDL3A/KIF18B/TAP1/GIMAP5/BTAF1/SMC4/ERCC6L/ATP8B4/ENTPD1/RGS13/ATP11C/RAC2/GIMAP2/NUGGC/ABCA13/GBP4/ORC1/KIFC1/RAP1B/DDX60L",75
"GO:0008237","metallopeptidase activity","28/1485","53/4420",0.528301886792453,1.57245410075599,2.98200374427199,0.00286983689435544,0.0293736246834027,0.0293736246834027,"MMP3/MMP13/ADAMTS18/ADAMTS4/ADAM28/CPA5/DPEP1/MMP12/MMP9/STAMBPL1/TRABD2A/CPXM1/LAP3/KLK7/MMP1/AGTPBP1/ADAMDEC1/ADAM8/PHEX/ERAP2/MMP7/MMP25/ADAM19/CPA3/ADAMTS6/MMP8/ADAM12/LTA4H",28
"GO:0004197","cysteine-type endopeptidase activity","16/1485","26/4420",0.615384615384615,1.83164983164983,3.02495087722302,0.00316606455269557,0.0311827489906997,0.0311827489906997,"CASP4/CASP3/CTSS/CTSK/CTSW/ADGB/CTSZ/CTSB/CARD16/CTSH/CTSC/PIGK/CASP5/ATG4A/USP15/CASP1",16
"GO:0008238","exopeptidase activity","16/1485","26/4420",0.615384615384615,1.83164983164983,3.02495087722302,0.00316606455269557,0.0311827489906997,0.0311827489906997,"CPA5/DPEP1/CPXM1/LAP3/AGTPBP1/PLBD1/FAP/CTSZ/GGH/ERAP2/PRSS16/CTSH/CTSC/CPA3/CPVL/LTA4H",16
"GO:0016798","hydrolase activity, acting on glycosyl bonds","19/1485","33/4420",0.575757575757576,1.71370268339965,2.9269254248638,0.0038691888954684,0.0369549893089877,0.0369549893089876,"LYZ/EDEM1/CTBS/IL18R1/PCNA/IL18RAP/TDG/MGAM/NEIL3/GLB1/GLA/BST1/SMPDL3B/GBA3/CD38/GLB1L3/HPSE/HEXB/MANEA",19
"GO:0043274","phospholipase binding","9/1485","12/4420",0.75,2.23232323232323,3.04029441001614,0.0040520221310349,0.0369549893089877,0.0369549893089876,"LMNB1/LCK/CLEC6A/SNCA/SELE/NEFL/TESPA1/BLNK/BTK",9
"GO:0051861","glycolipid binding","9/1485","12/4420",0.75,2.23232323232323,3.04029441001614,0.0040520221310349,0.0369549893089877,0.0369549893089876,"CLEC4E/SELL/DPEP1/FCGR3B/PPT1/LYN/MANF/PIGK/ULBP2",9
"GO:0004715","non-membrane spanning protein tyrosine kinase activity","12/1485","18/4420",0.666666666666667,1.98428731762065,2.97614644627805,0.00415000737538815,0.0369549893089877,0.0369549893089876,"ZAP70/ITK/RIPK2/MELK/LCK/TXK/LYN/JAK3/BTK/JAK2/BLK/STYK1",12
"GO:0004518","nuclease activity","22/1485","40/4420",0.55,1.63703703703704,2.87858327651398,0.00417996659255996,0.0369549893089877,0.0369549893089876,"SAMHD1/RBBP8/ENPP2/ERI1/RPP40/SLFN14/SLFN12L/ISG20/NEIL3/DNASE2B/N4BP2/RNASE3/ZC3H12D/RNASE6/GEN1/NME8/NME1/RNASE2/SLFN13/XRN1/EXO1/LACTB2",22
"GO:0005164","tumor necrosis factor receptor binding","10/1485","14/4420",0.714285714285714,2.12602212602213,3.00130319540293,0.00425669478527822,0.0369549893089877,0.0369549893089876,"TNFSF18/TNF/CD40LG/TNFSF13B/TNFSF14/STAT1/LTB/FASLG/LTA/TNFSF10",10
"GO:0035173","histone kinase activity","10/1485","14/4420",0.714285714285714,2.12602212602213,3.00130319540293,0.00425669478527822,0.0369549893089877,0.0369549893089876,"PRKCB/AURKB/VRK1/ATR/BUB1/CDK1/AURKA/ATM/CHEK1/JAK2",10
"GO:0004930","G protein-coupled receptor activity","63/1485","142/4420",0.443661971830986,1.32052923602219,2.76129372069817,0.00431849491924952,0.0369549893089877,0.0369549893089876,"LPAR3/FFAR2/OPN3/C3AR1/GPR85/GPR15/HCAR3/GPR84/PTGFR/FPR2/CXCR3/CXCR4/CYSLTR1/SSTR3/GPR55/TAS2R43/P2RY13/GPR34/OR5B21/GPR171/OR6A2/CNR2/CXCR2/FZD6/GPR52/RXFP1/GPR141/FPR1/CCR5/CXCR1/TAS2R46/P2RY8/OR2D2/MC4R/GPR183/FZD3/GPR160/CXCR6/P2RY10/CCR1/CCR7/GPR65/GAL/GPR174/GRM7/CCR6/TAS2R19/TSHR/CCR4/GPR18/PTAFR/CCR3/GPR19/LPAR6/CCR2/HRH2/F2RL1/F2R/OR2AK2/OR51E1/CCRL2/FPR3/P2RY12",63
"GO:0016757","glycosyltransferase activity","37/1485","77/4420",0.480519480519481,1.4302330665967,2.7087904447919,0.00565062163440976,0.0461928399721196,0.0461928399721196,"GCNT3/GCNT1/EOGT/UGCG/A4GNT/GALNT1/GCNT2/ST6GAL2/ALG5/ALG6/B3GNT2/STT3B/POGLUT1/ST8SIA4/PNP/DPM1/GXYLT2/PARP8/PARP9/NAMPT/UGT8/FUT8/UGT3A2/PARP14/GALNT3/OSTC/MGAT4A/GCNT4/PIGB/PARP15/HEXB/GLT1D1/C1GALT1/ST6GAL1/PIGA/UGT2B17/ST6GALNAC3",37
"GO:0016462","pyrophosphatase activity","75/1485","175/4420",0.428571428571429,1.27561327561328,2.64607094763494,0.00575198198886547,0.0461928399721196,0.0461928399721196,"ATP10B/KIF20A/ATP6V1A/RAB19/HELB/KIF23/RAB39B/RGS18/ATP2B1/ASCC3/RGS8/KIF15/GBP3/ARL4C/GCH1/HELLS/CCT2/HSPA13/RGS2/NLRP10/RAB39A/RAB33A/ARL4A/GNG10/ABCE1/TRIP13/ABCC4/KIF14/ENTPD7/RAB25/GBP1/RECQL/BLM/GIMAP4/KIF2C/GBP5/KIF20B/SRP54/RAB27A/RAB32/KIF18A/SMCHD1/RHOH/RGS1/ATP8A2/ATAD5/POLQ/RAB3B/NRAS/RAB27B/ATP13A3/ABCA12/BRIP1/ARHGDIB/TUBB1/SMPDL3A/KIF18B/TAP1/GIMAP5/BTAF1/SMC4/ERCC6L/ATP8B4/ENTPD1/RGS13/ATP11C/RAC2/GIMAP2/NUGGC/ABCA13/GBP4/ORC1/KIFC1/RAP1B/DDX60L",75
"GO:0016817","hydrolase activity, acting on acid anhydrides","75/1485","175/4420",0.428571428571429,1.27561327561328,2.64607094763494,0.00575198198886547,0.0461928399721196,0.0461928399721196,"ATP10B/KIF20A/ATP6V1A/RAB19/HELB/KIF23/RAB39B/RGS18/ATP2B1/ASCC3/RGS8/KIF15/GBP3/ARL4C/GCH1/HELLS/CCT2/HSPA13/RGS2/NLRP10/RAB39A/RAB33A/ARL4A/GNG10/ABCE1/TRIP13/ABCC4/KIF14/ENTPD7/RAB25/GBP1/RECQL/BLM/GIMAP4/KIF2C/GBP5/KIF20B/SRP54/RAB27A/RAB32/KIF18A/SMCHD1/RHOH/RGS1/ATP8A2/ATAD5/POLQ/RAB3B/NRAS/RAB27B/ATP13A3/ABCA12/BRIP1/ARHGDIB/TUBB1/SMPDL3A/KIF18B/TAP1/GIMAP5/BTAF1/SMC4/ERCC6L/ATP8B4/ENTPD1/RGS13/ATP11C/RAC2/GIMAP2/NUGGC/ABCA13/GBP4/ORC1/KIFC1/RAP1B/DDX60L",75
"GO:0016818","hydrolase activity, acting on acid anhydrides, in phosphorus-containing anhydrides","75/1485","175/4420",0.428571428571429,1.27561327561328,2.64607094763494,0.00575198198886547,0.0461928399721196,0.0461928399721196,"ATP10B/KIF20A/ATP6V1A/RAB19/HELB/KIF23/RAB39B/RGS18/ATP2B1/ASCC3/RGS8/KIF15/GBP3/ARL4C/GCH1/HELLS/CCT2/HSPA13/RGS2/NLRP10/RAB39A/RAB33A/ARL4A/GNG10/ABCE1/TRIP13/ABCC4/KIF14/ENTPD7/RAB25/GBP1/RECQL/BLM/GIMAP4/KIF2C/GBP5/KIF20B/SRP54/RAB27A/RAB32/KIF18A/SMCHD1/RHOH/RGS1/ATP8A2/ATAD5/POLQ/RAB3B/NRAS/RAB27B/ATP13A3/ABCA12/BRIP1/ARHGDIB/TUBB1/SMPDL3A/KIF18B/TAP1/GIMAP5/BTAF1/SMC4/ERCC6L/ATP8B4/ENTPD1/RGS13/ATP11C/RAC2/GIMAP2/NUGGC/ABCA13/GBP4/ORC1/KIFC1/RAP1B/DDX60L",75
